{
    "m_Version": 7,
    "SpawnLocations": [
        {
            "Name": "Svetloyarsk",
            "Positions": [
                [
                    14273.2001953125,
                    2.4000000953674318,
                    13053.2998046875
                ],
                [
                    14407.2998046875,
                    2.0,
                    13253.0
                ],
                [
                    14142.400390625,
                    3.299999952316284,
                    13290.2001953125
                ],
                [
                    13910.900390625,
                    4.300000190734863,
                    13624.900390625
                ]
            ],
            "UseCooldown": 1
        },
        {
            "Name": "Berezino",
            "Positions": [
                [
                    12915.7001953125,
                    3.4000000953674318,
                    9278.2001953125
                ],
                [
                    13057.2001953125,
                    2.299999952316284,
                    9584.48046875
                ],
                [
                    13052.900390625,
                    6.099999904632568,
                    9894.7001953125
                ],
                [
                    13207.2001953125,
                    2.299999952316284,
                    10193.7001953125
                ]
            ],
            "UseCooldown": 1
        },
        {
            "Name": "Solnichniy",
            "Positions": [
                [
                    13529.5302734375,
                    2.251228094100952,
                    6455.61279296875
                ],
                [
                    13484.724609375,
                    1.7466460466384888,
                    5911.0947265625
                ],
                [
                    13515.912109375,
                    2.679647922515869,
                    6117.38427734375
                ],
                [
                    13534.671875,
                    1.6446690559387208,
                    6234.75
                ]
            ],
            "UseCooldown": 1
        },
        {
            "Name": "Kamyshovo",
            "Positions": [
                [
                    12321.939453125,
                    1.9261399507522584,
                    3446.666748046875
                ],
                [
                    12188.5703125,
                    1.7272900342941285,
                    3422.332275390625
                ],
                [
                    11992.25,
                    1.9820810556411744,
                    3404.554443359375
                ],
                [
                    11859.34375,
                    1.901515007019043,
                    3367.71484375
                ]
            ],
            "UseCooldown": 1
        },
        {
            "Name": "Balota",
            "Positions": [
                [
                    4654.59423828125,
                    1.4597179889678956,
                    2132.86669921875
                ],
                [
                    4543.99072265625,
                    1.9016389846801758,
                    2198.166259765625
                ],
                [
                    4269.4228515625,
                    1.28923499584198,
                    2245.660888671875
                ],
                [
                    4111.90576171875,
                    1.566264033317566,
                    2193.9326171875
                ]
            ],
            "UseCooldown": 1
        },
        {
            "Name": "Kamenka",
            "Positions": [
                [
                    2164.7001953125,
                    1.7280139923095704,
                    2049.44384765625
                ],
                [
                    2031.4254150390626,
                    1.2907429933547974,
                    2150.743408203125
                ],
                [
                    1708.5230712890626,
                    1.9583090543746949,
                    2031.263671875
                ],
                [
                    1563.32568359375,
                    2.1741321086883547,
                    2063.2548828125
                ]
            ],
            "UseCooldown": 1
        }
    ],
    "StartingClothing": {
        "EnableCustomClothing": 1,
        "SetRandomHealth": 0,
        "Headgear": [],
        "Glasses": [],
        "Masks": [],
        "Tops": [
            "TrackSuitJacket_Black"
        ],
        "Vests": [],
        "Gloves": [],
        "Pants": [
            "TrackSuitPants_Black"
        ],
        "Belts": [
            "HipPack_Party"
        ],
        "Shoes": [
            "AthleticShoes_Black"
        ],
        "Armbands": [],
        "Backpacks": []
    },
    "EnableSpawnSelection": 1,
    "SpawnOnTerritory": 0,
    "StartingGear": {
        "EnableStartingGear": 1,
        "ApplyEnergySources": 1,
        "SetRandomHealth": 0,
        "UpperGear": [
            {
                "ClassName": "Rag",
                "Quantity": 4,
                "Attachments": []
            },
            {
                "ClassName": "Pajka",
                "Quantity": -1,
                "Attachments": []
            },
            {
                "ClassName": "AmmoBox_22_50Rnd",
                "Quantity": -1,
                "Attachments": []
            },
            {
                "ClassName": "SteakKnife",
                "Quantity": -1,
                "Attachments": []
            },
            {
                "ClassName": "Heatpack",
                "Quantity": -1,
                "Attachments": []
            }
        ],
        "PantsGear": [
            {
                "ClassName": "Mag_MKII_10Rnd",
                "Quantity": -1,
                "Attachments": []
            },
            {
                "ClassName": "Roadflare",
                "Quantity": -1,
                "Attachments": []
            },
            {
                "ClassName": "TerjeSalveCapsicum",
                "Quantity": -1,
                "Attachments": []
            },
            {
                "ClassName": "TerjePillsNoopept",
                "Quantity": 20,
                "Attachments": []
            }
        ],
        "BackpackGear": [],
        "VestGear": [],
        "PrimaryWeapon": {
            "ClassName": "MKII",
            "Quantity": -1,
            "Health": [],
            "Attachments": [
                "Mag_MKII_10Rnd"
            ]
        },
        "SecondaryWeapon": {}
    },
    "UseLoadouts": 0,
    "MaleLoadouts": [
        {
            "Loadout": "PlayerSurvivorLoadout",
            "Chance": 1.0
        }
    ],
    "FemaleLoadouts": [
        {
            "Loadout": "PlayerSurvivorLoadout",
            "Chance": 1.0
        }
    ],
    "SpawnHealthValue": 100.0,
    "SpawnEnergyValue": 1500.0,
    "SpawnWaterValue": 1500.0,
    "EnableRespawnCooldowns": 0,
    "RespawnCooldown": 240,
    "TerritoryRespawnCooldown": 360,
    "PunishMultispawn": 1,
    "PunishCooldown": 120,
    "PunishTimeframe": 300,
    "CreateDeathMarker": 1,
    "BackgroundImagePath": "DayZExpansion/SpawnSelection/GUI/textures/wood_background.edds"
}